image_file,main_category,sub_category
Datacluster Trash (1).jpg,Public Cleanliness & Public Property Damage,Garbage Dumping
Datacluster Trash (10).jpg,Public Cleanliness & Public Property Damage,Garbage Dumping
Datacluster Trash (100).jpg,Public Cleanliness & Public Property Damage,Garbage Dumping
Datacluster Trash (101).jpg,Public Cleanliness & Public Property Damage,Garbage Dumping
Datacluster Trash (102).jpg,Public Cleanliness & Public Property Damage,Garbage Dumping
Datacluster Trash (103).jpg,Public Cleanliness & Public Property Damage,Garbage Dumping
Datacluster Trash (104).jpg,Public Cleanliness & Public Property Damage,Garbage Dumping
Datacluster Trash (105).jpg,Public Cleanliness & Public Property Damage,Garbage Dumping
Datacluster Trash (106).jpg,Public Cleanliness & Public Property Damage,Garbage Dumping
Datacluster Trash (107).jpg,Public Cleanliness & Public Property Damage,Garbage Dumping
Datacluster Trash (108).jpg,Public Cleanliness & Public Property Damage,Garbage Dumping
Datacluster Trash (109).jpg,Public Cleanliness & Public Property Damage,Garbage Dumping
Datacluster Trash (11).jpg,Public Cleanliness & Public Property Damage,Garbage Dumping
Datacluster Trash (110).jpg,Public Cleanliness & Public Property Damage,Garbage Dumping
Datacluster Trash (111).jpg,Public Cleanliness & Public Property Damage,Garbage Dumping
Datacluster Trash (112).jpg,Public Cleanliness & Public Property Damage,Garbage Dumping
Datacluster Trash (113).jpg,Public Cleanliness & Public Property Damage,Garbage Dumping
Datacluster Trash (114).jpg,Public Cleanliness & Public Property Damage,Garbage Dumping
Datacluster Trash (115).jpg,Public Cleanliness & Public Property Damage,Garbage Dumping
Datacluster Trash (116).jpg,Public Cleanliness & Public Property Damage,Garbage Dumping
Datacluster Trash (117).jpg,Public Cleanliness & Public Property Damage,Garbage Dumping
Datacluster Trash (118).jpg,Public Cleanliness & Public Property Damage,Garbage Dumping
Datacluster Trash (119).jpg,Public Cleanliness & Public Property Damage,Garbage Dumping
Datacluster Trash (12).jpg,Public Cleanliness & Public Property Damage,Garbage Dumping
Datacluster Trash (121).jpg,Public Cleanliness & Public Property Damage,Garbage Dumping
Datacluster Trash (122).jpg,Public Cleanliness & Public Property Damage,Garbage Dumping
Datacluster Trash (123).jpg,Public Cleanliness & Public Property Damage,Garbage Dumping
Datacluster Trash (124).jpg,Public Cleanliness & Public Property Damage,Garbage Dumping
Datacluster Trash (125).jpg,Public Cleanliness & Public Property Damage,Garbage Dumping
Datacluster Trash (126).jpg,Public Cleanliness & Public Property Damage,Garbage Dumping
Datacluster Trash (127).jpg,Public Cleanliness & Public Property Damage,Garbage Dumping
Datacluster Trash (128).jpg,Public Cleanliness & Public Property Damage,Garbage Dumping
Datacluster Trash (129).jpg,Public Cleanliness & Public Property Damage,Garbage Dumping
Datacluster Trash (13).jpg,Public Cleanliness & Public Property Damage,Garbage Dumping
Datacluster Trash (130).jpg,Public Cleanliness & Public Property Damage,Garbage Dumping
Datacluster Trash (131).jpg,Public Cleanliness & Public Property Damage,Garbage Dumping
Datacluster Trash (132).jpg,Public Cleanliness & Public Property Damage,Garbage Dumping
Datacluster Trash (133).jpg,Public Cleanliness & Public Property Damage,Garbage Dumping
Datacluster Trash (134).jpg,Public Cleanliness & Public Property Damage,Garbage Dumping
Datacluster Trash (136).jpg,Public Cleanliness & Public Property Damage,Garbage Dumping
Datacluster Trash (137).jpg,Public Cleanliness & Public Property Damage,Garbage Dumping
Datacluster Trash (138).jpg,Public Cleanliness & Public Property Damage,Garbage Dumping
Datacluster Trash (139).jpg,Public Cleanliness & Public Property Damage,Garbage Dumping
Datacluster Trash (14).jpg,Public Cleanliness & Public Property Damage,Garbage Dumping
Datacluster Trash (140).jpg,Public Cleanliness & Public Property Damage,Garbage Dumping
Datacluster Trash (141).jpg,Public Cleanliness & Public Property Damage,Garbage Dumping
Datacluster Trash (142).jpg,Public Cleanliness & Public Property Damage,Garbage Dumping
Datacluster Trash (143).jpg,Public Cleanliness & Public Property Damage,Garbage Dumping
Datacluster Trash (144).jpg,Public Cleanliness & Public Property Damage,Garbage Dumping
Datacluster Trash (145).jpg,Public Cleanliness & Public Property Damage,Garbage Dumping
Datacluster Trash (146).jpg,Public Cleanliness & Public Property Damage,Garbage Dumping
Datacluster Trash (147).jpg,Public Cleanliness & Public Property Damage,Garbage Dumping
Datacluster Trash (148).jpg,Public Cleanliness & Public Property Damage,Garbage Dumping
Datacluster Trash (149).jpg,Public Cleanliness & Public Property Damage,Garbage Dumping
Datacluster Trash (15).jpg,Public Cleanliness & Public Property Damage,Garbage Dumping
Datacluster Trash (150).jpg,Public Cleanliness & Public Property Damage,Garbage Dumping
Datacluster Trash (151).jpg,Public Cleanliness & Public Property Damage,Garbage Dumping
Datacluster Trash (152).jpg,Public Cleanliness & Public Property Damage,Garbage Dumping
Datacluster Trash (153).jpg,Public Cleanliness & Public Property Damage,Garbage Dumping
Datacluster Trash (154).jpg,Public Cleanliness & Public Property Damage,Garbage Dumping
Datacluster Trash (155).jpg,Public Cleanliness & Public Property Damage,Garbage Dumping
Datacluster Trash (156).jpg,Public Cleanliness & Public Property Damage,Garbage Dumping
Datacluster Trash (157).jpg,Public Cleanliness & Public Property Damage,Garbage Dumping
Datacluster Trash (158).jpg,Public Cleanliness & Public Property Damage,Garbage Dumping
Datacluster Trash (159).jpg,Public Cleanliness & Public Property Damage,Garbage Dumping
Datacluster Trash (16).jpg,Public Cleanliness & Public Property Damage,Garbage Dumping
Datacluster Trash (160).jpg,Public Cleanliness & Public Property Damage,Garbage Dumping
Datacluster Trash (161).jpg,Public Cleanliness & Public Property Damage,Garbage Dumping
Datacluster Trash (162).jpg,Public Cleanliness & Public Property Damage,Garbage Dumping
Datacluster Trash (163).jpg,Public Cleanliness & Public Property Damage,Garbage Dumping
Datacluster Trash (164).jpg,Public Cleanliness & Public Property Damage,Garbage Dumping
Datacluster Trash (165).jpg,Public Cleanliness & Public Property Damage,Garbage Dumping
Datacluster Trash (166).jpg,Public Cleanliness & Public Property Damage,Garbage Dumping
Datacluster Trash (167).jpg,Public Cleanliness & Public Property Damage,Garbage Dumping
Datacluster Trash (168).jpg,Public Cleanliness & Public Property Damage,Garbage Dumping
Datacluster Trash (169).jpg,Public Cleanliness & Public Property Damage,Garbage Dumping
Datacluster Trash (17).jpg,Public Cleanliness & Public Property Damage,Garbage Dumping
Datacluster Trash (170).jpg,Public Cleanliness & Public Property Damage,Garbage Dumping
Datacluster Trash (171).jpg,Public Cleanliness & Public Property Damage,Garbage Dumping
Datacluster Trash (172).jpg,Public Cleanliness & Public Property Damage,Garbage Dumping
Datacluster Trash (173).jpg,Public Cleanliness & Public Property Damage,Garbage Dumping
Datacluster Trash (174).jpg,Public Cleanliness & Public Property Damage,Garbage Dumping
Datacluster Trash (175).jpg,Public Cleanliness & Public Property Damage,Garbage Dumping
Datacluster Trash (176).jpg,Public Cleanliness & Public Property Damage,Garbage Dumping
Datacluster Trash (177).jpg,Public Cleanliness & Public Property Damage,Garbage Dumping
Datacluster Trash (178).jpg,Public Cleanliness & Public Property Damage,Garbage Dumping
Datacluster Trash (179).jpg,Public Cleanliness & Public Property Damage,Garbage Dumping
Datacluster Trash (18).jpg,Public Cleanliness & Public Property Damage,Garbage Dumping
Datacluster Trash (180).jpg,Public Cleanliness & Public Property Damage,Garbage Dumping
Datacluster Trash (181).jpg,Public Cleanliness & Public Property Damage,Garbage Dumping
Datacluster Trash (182).jpg,Public Cleanliness & Public Property Damage,Garbage Dumping
Datacluster Trash (183).jpg,Public Cleanliness & Public Property Damage,Garbage Dumping
Datacluster Trash (184).jpg,Public Cleanliness & Public Property Damage,Garbage Dumping
Datacluster Trash (185).jpg,Public Cleanliness & Public Property Damage,Garbage Dumping
Datacluster Trash (186).jpg,Public Cleanliness & Public Property Damage,Garbage Dumping
Datacluster Trash (187).jpg,Public Cleanliness & Public Property Damage,Garbage Dumping
Datacluster Trash (188).jpg,Public Cleanliness & Public Property Damage,Garbage Dumping
Datacluster Trash (189).jpg,Public Cleanliness & Public Property Damage,Garbage Dumping
Datacluster Trash (19).jpg,Public Cleanliness & Public Property Damage,Garbage Dumping
Datacluster Trash (190).jpg,Public Cleanliness & Public Property Damage,Garbage Dumping
Datacluster Trash (191).jpg,Public Cleanliness & Public Property Damage,Garbage Dumping
Datacluster Trash (192).jpg,Public Cleanliness & Public Property Damage,Garbage Dumping
Datacluster Trash (193).jpg,Public Cleanliness & Public Property Damage,Garbage Dumping
Datacluster Trash (194).jpg,Public Cleanliness & Public Property Damage,Garbage Dumping
Datacluster Trash (195).jpg,Public Cleanliness & Public Property Damage,Garbage Dumping
Datacluster Trash (196).jpg,Public Cleanliness & Public Property Damage,Garbage Dumping
Datacluster Trash (197).jpg,Public Cleanliness & Public Property Damage,Garbage Dumping
Datacluster Trash (198).jpg,Public Cleanliness & Public Property Damage,Garbage Dumping
Datacluster Trash (199).jpg,Public Cleanliness & Public Property Damage,Garbage Dumping
Datacluster Trash (2).jpg,Public Cleanliness & Public Property Damage,Garbage Dumping
Datacluster Trash (20).jpg,Public Cleanliness & Public Property Damage,Garbage Dumping
Datacluster Trash (200).jpg,Public Cleanliness & Public Property Damage,Garbage Dumping
Datacluster Trash (201).jpg,Public Cleanliness & Public Property Damage,Garbage Dumping
Datacluster Trash (202).jpg,Public Cleanliness & Public Property Damage,Garbage Dumping
Datacluster Trash (203).jpg,Public Cleanliness & Public Property Damage,Garbage Dumping
Datacluster Trash (204).jpg,Public Cleanliness & Public Property Damage,Garbage Dumping
Datacluster Trash (205).jpg,Public Cleanliness & Public Property Damage,Garbage Dumping
Datacluster Trash (206).jpg,Public Cleanliness & Public Property Damage,Garbage Dumping
Datacluster Trash (207).jpg,Public Cleanliness & Public Property Damage,Garbage Dumping
Datacluster Trash (208).jpg,Public Cleanliness & Public Property Damage,Garbage Dumping
Datacluster Trash (209).jpg,Public Cleanliness & Public Property Damage,Garbage Dumping
Datacluster Trash (21).jpg,Public Cleanliness & Public Property Damage,Garbage Dumping
Datacluster Trash (210).jpg,Public Cleanliness & Public Property Damage,Garbage Dumping
Datacluster Trash (211).jpg,Public Cleanliness & Public Property Damage,Garbage Dumping
Datacluster Trash (212).jpg,Public Cleanliness & Public Property Damage,Garbage Dumping
Datacluster Trash (213).jpg,Public Cleanliness & Public Property Damage,Garbage Dumping
Datacluster Trash (214).jpg,Public Cleanliness & Public Property Damage,Garbage Dumping
Datacluster Trash (215).jpg,Public Cleanliness & Public Property Damage,Garbage Dumping
Datacluster Trash (216).jpg,Public Cleanliness & Public Property Damage,Garbage Dumping
Datacluster Trash (217).jpg,Public Cleanliness & Public Property Damage,Garbage Dumping
Datacluster Trash (218).jpg,Public Cleanliness & Public Property Damage,Garbage Dumping
Datacluster Trash (219).jpg,Public Cleanliness & Public Property Damage,Garbage Dumping
Datacluster Trash (22).jpg,Public Cleanliness & Public Property Damage,Garbage Dumping
Datacluster Trash (220).jpg,Public Cleanliness & Public Property Damage,Garbage Dumping
Datacluster Trash (221).jpg,Public Cleanliness & Public Property Damage,Garbage Dumping
Datacluster Trash (222).jpg,Public Cleanliness & Public Property Damage,Garbage Dumping
Datacluster Trash (223).jpg,Public Cleanliness & Public Property Damage,Garbage Dumping
Datacluster Trash (224).jpg,Public Cleanliness & Public Property Damage,Garbage Dumping
Datacluster Trash (225).jpg,Public Cleanliness & Public Property Damage,Garbage Dumping
Datacluster Trash (226).jpg,Public Cleanliness & Public Property Damage,Garbage Dumping
Datacluster Trash (227).jpg,Public Cleanliness & Public Property Damage,Garbage Dumping
Datacluster Trash (228).jpg,Public Cleanliness & Public Property Damage,Garbage Dumping
Datacluster Trash (229).jpg,Public Cleanliness & Public Property Damage,Garbage Dumping
Datacluster Trash (23).jpg,Public Cleanliness & Public Property Damage,Garbage Dumping
Datacluster Trash (230).jpg,Public Cleanliness & Public Property Damage,Garbage Dumping
Datacluster Trash (231).jpg,Public Cleanliness & Public Property Damage,Garbage Dumping
Datacluster Trash (232).jpg,Public Cleanliness & Public Property Damage,Garbage Dumping
Datacluster Trash (233).jpg,Public Cleanliness & Public Property Damage,Garbage Dumping
Datacluster Trash (234).jpg,Public Cleanliness & Public Property Damage,Garbage Dumping
Datacluster Trash (235).jpg,Public Cleanliness & Public Property Damage,Garbage Dumping
Datacluster Trash (236).jpg,Public Cleanliness & Public Property Damage,Garbage Dumping
Datacluster Trash (237).jpg,Public Cleanliness & Public Property Damage,Garbage Dumping
Datacluster Trash (238).jpg,Public Cleanliness & Public Property Damage,Garbage Dumping
Datacluster Trash (239).jpg,Public Cleanliness & Public Property Damage,Garbage Dumping
Datacluster Trash (24).jpg,Public Cleanliness & Public Property Damage,Garbage Dumping
Datacluster Trash (240).jpg,Public Cleanliness & Public Property Damage,Garbage Dumping
Datacluster Trash (241).jpg,Public Cleanliness & Public Property Damage,Garbage Dumping
Datacluster Trash (242).jpg,Public Cleanliness & Public Property Damage,Garbage Dumping
Datacluster Trash (243).jpg,Public Cleanliness & Public Property Damage,Garbage Dumping
Datacluster Trash (244).jpg,Public Cleanliness & Public Property Damage,Garbage Dumping
Datacluster Trash (245).jpg,Public Cleanliness & Public Property Damage,Garbage Dumping
Datacluster Trash (246).jpg,Public Cleanliness & Public Property Damage,Garbage Dumping
Datacluster Trash (247).jpg,Public Cleanliness & Public Property Damage,Garbage Dumping
Datacluster Trash (248).jpg,Public Cleanliness & Public Property Damage,Garbage Dumping
Datacluster Trash (249).jpg,Public Cleanliness & Public Property Damage,Garbage Dumping
Datacluster Trash (25).jpg,Public Cleanliness & Public Property Damage,Garbage Dumping
Datacluster Trash (250).jpg,Public Cleanliness & Public Property Damage,Garbage Dumping
Datacluster Trash (26).jpg,Public Cleanliness & Public Property Damage,Garbage Dumping
Datacluster Trash (27).jpg,Public Cleanliness & Public Property Damage,Garbage Dumping
Datacluster Trash (28).jpg,Public Cleanliness & Public Property Damage,Garbage Dumping
Datacluster Trash (29).jpg,Public Cleanliness & Public Property Damage,Garbage Dumping
Datacluster Trash (3).jpg,Public Cleanliness & Public Property Damage,Garbage Dumping
Datacluster Trash (30).jpg,Public Cleanliness & Public Property Damage,Garbage Dumping
Datacluster Trash (31).jpg,Public Cleanliness & Public Property Damage,Garbage Dumping
Datacluster Trash (32).jpg,Public Cleanliness & Public Property Damage,Garbage Dumping
Datacluster Trash (33).jpg,Public Cleanliness & Public Property Damage,Garbage Dumping
Datacluster Trash (34).jpg,Public Cleanliness & Public Property Damage,Garbage Dumping
Datacluster Trash (35).jpg,Public Cleanliness & Public Property Damage,Garbage Dumping
Datacluster Trash (36).jpg,Public Cleanliness & Public Property Damage,Garbage Dumping
Datacluster Trash (37).jpg,Public Cleanliness & Public Property Damage,Garbage Dumping
Datacluster Trash (38).jpg,Public Cleanliness & Public Property Damage,Garbage Dumping
Datacluster Trash (39).jpg,Public Cleanliness & Public Property Damage,Garbage Dumping
Datacluster Trash (4).jpg,Public Cleanliness & Public Property Damage,Garbage Dumping
Datacluster Trash (40).jpg,Public Cleanliness & Public Property Damage,Garbage Dumping
Datacluster Trash (41).jpg,Public Cleanliness & Public Property Damage,Garbage Dumping
Datacluster Trash (42).jpg,Public Cleanliness & Public Property Damage,Garbage Dumping
Datacluster Trash (43).jpg,Public Cleanliness & Public Property Damage,Garbage Dumping
Datacluster Trash (44).jpg,Public Cleanliness & Public Property Damage,Garbage Dumping
Datacluster Trash (45).jpg,Public Cleanliness & Public Property Damage,Garbage Dumping
Datacluster Trash (46).jpg,Public Cleanliness & Public Property Damage,Garbage Dumping
Datacluster Trash (47).jpg,Public Cleanliness & Public Property Damage,Garbage Dumping
Datacluster Trash (48).jpg,Public Cleanliness & Public Property Damage,Garbage Dumping
Datacluster Trash (49).jpg,Public Cleanliness & Public Property Damage,Garbage Dumping
Datacluster Trash (5).jpg,Public Cleanliness & Public Property Damage,Garbage Dumping
Datacluster Trash (50).jpg,Public Cleanliness & Public Property Damage,Garbage Dumping
Datacluster Trash (51).jpg,Public Cleanliness & Public Property Damage,Garbage Dumping
Datacluster Trash (52).jpg,Public Cleanliness & Public Property Damage,Garbage Dumping
Datacluster Trash (53).jpg,Public Cleanliness & Public Property Damage,Garbage Dumping
Datacluster Trash (54).jpg,Public Cleanliness & Public Property Damage,Garbage Dumping
Datacluster Trash (55).jpg,Public Cleanliness & Public Property Damage,Garbage Dumping
Datacluster Trash (56).jpg,Public Cleanliness & Public Property Damage,Garbage Dumping
Datacluster Trash (57).jpg,Public Cleanliness & Public Property Damage,Garbage Dumping
Datacluster Trash (58).jpg,Public Cleanliness & Public Property Damage,Garbage Dumping
Datacluster Trash (59).jpg,Public Cleanliness & Public Property Damage,Garbage Dumping
Datacluster Trash (6).jpg,Public Cleanliness & Public Property Damage,Garbage Dumping
Datacluster Trash (60).jpg,Public Cleanliness & Public Property Damage,Garbage Dumping
Datacluster Trash (61).jpg,Public Cleanliness & Public Property Damage,Garbage Dumping
Datacluster Trash (62).jpg,Public Cleanliness & Public Property Damage,Garbage Dumping
Datacluster Trash (63).jpg,Public Cleanliness & Public Property Damage,Garbage Dumping
Datacluster Trash (64).jpg,Public Cleanliness & Public Property Damage,Garbage Dumping
Datacluster Trash (65).jpg,Public Cleanliness & Public Property Damage,Garbage Dumping
Datacluster Trash (66).jpg,Public Cleanliness & Public Property Damage,Garbage Dumping
Datacluster Trash (67).jpg,Public Cleanliness & Public Property Damage,Garbage Dumping
Datacluster Trash (68).jpg,Public Cleanliness & Public Property Damage,Garbage Dumping
Datacluster Trash (69).jpg,Public Cleanliness & Public Property Damage,Garbage Dumping
Datacluster Trash (7).jpg,Public Cleanliness & Public Property Damage,Garbage Dumping
Datacluster Trash (70).jpg,Public Cleanliness & Public Property Damage,Garbage Dumping
Datacluster Trash (71).jpg,Public Cleanliness & Public Property Damage,Garbage Dumping
Datacluster Trash (72).jpg,Public Cleanliness & Public Property Damage,Garbage Dumping
Datacluster Trash (73).jpg,Public Cleanliness & Public Property Damage,Garbage Dumping
Datacluster Trash (74).jpg,Public Cleanliness & Public Property Damage,Garbage Dumping
Datacluster Trash (75).jpg,Public Cleanliness & Public Property Damage,Garbage Dumping
Datacluster Trash (76).jpg,Public Cleanliness & Public Property Damage,Garbage Dumping
Datacluster Trash (77).jpg,Public Cleanliness & Public Property Damage,Garbage Dumping
Datacluster Trash (78).jpg,Public Cleanliness & Public Property Damage,Garbage Dumping
Datacluster Trash (79).jpg,Public Cleanliness & Public Property Damage,Garbage Dumping
Datacluster Trash (8).jpg,Public Cleanliness & Public Property Damage,Garbage Dumping
Datacluster Trash (80).jpg,Public Cleanliness & Public Property Damage,Garbage Dumping
Datacluster Trash (81).jpg,Public Cleanliness & Public Property Damage,Garbage Dumping
Datacluster Trash (82).jpg,Public Cleanliness & Public Property Damage,Garbage Dumping
Datacluster Trash (83).jpg,Public Cleanliness & Public Property Damage,Garbage Dumping
Datacluster Trash (84).jpg,Public Cleanliness & Public Property Damage,Garbage Dumping
Datacluster Trash (85).jpg,Public Cleanliness & Public Property Damage,Garbage Dumping
Datacluster Trash (86).jpg,Public Cleanliness & Public Property Damage,Garbage Dumping
Datacluster Trash (87).jpg,Public Cleanliness & Public Property Damage,Garbage Dumping
Datacluster Trash (88).jpg,Public Cleanliness & Public Property Damage,Garbage Dumping
Datacluster Trash (89).jpg,Public Cleanliness & Public Property Damage,Garbage Dumping
Datacluster Trash (9).jpg,Public Cleanliness & Public Property Damage,Garbage Dumping
Datacluster Trash (90).jpg,Public Cleanliness & Public Property Damage,Garbage Dumping
Datacluster Trash (91).jpg,Public Cleanliness & Public Property Damage,Garbage Dumping
Datacluster Trash (92).jpg,Public Cleanliness & Public Property Damage,Garbage Dumping
Datacluster Trash (93).jpg,Public Cleanliness & Public Property Damage,Garbage Dumping
Datacluster Trash (94).jpg,Public Cleanliness & Public Property Damage,Garbage Dumping
Datacluster Trash (95).jpg,Public Cleanliness & Public Property Damage,Garbage Dumping
Datacluster Trash (96).jpg,Public Cleanliness & Public Property Damage,Garbage Dumping
Datacluster Trash (97).jpg,Public Cleanliness & Public Property Damage,Garbage Dumping
Datacluster Trash (98).jpg,Public Cleanliness & Public Property Damage,Garbage Dumping
Datacluster Trash (99).jpg,Public Cleanliness & Public Property Damage,Garbage Dumping
